time,npos,epos,h,alpha,beta,phi,theta,psi,p,q,r,TAS,ail,ele,rud,thrust,ail_cmd,ele_cmd,rud_cmd,thrust_cmd,vn,ve,vh,mu,chi,nx,ny,nz,nx_ref,ny_ref,nz_ref,Fx,Fy,Fz,Mx,My,Mz,lon,lat,lef,lef_cmd,Cz,delta_Cz_lef,Czq,delta_Czq_lef,Cm,delta_Cm_lef,Cmq,delta_Cmq_lef,delta_Cm,delta_Cm_ds,d0,d1,d2,d3,d4,d5,d6,d7,d8,d9
0.000000,0.000000,0.000000,5000.000000,2.613221,0.000000,0.000000,2.613221,0.000000,0.000000,0.000000,0.000000,200.000000,-0.300000,3.645892,0.000000,73895.049995,-0.300000,3.645892,0.000000,73895.049995,200.000000,0.000000,0.000000,0.000000,0.000000,0.712351,-0.001066,-1.191350,0.666758,-0.001066,-0.192390,-8936.963244,-97.231806,-108637.111191,2321.713865,-66032.450051,407.574159,122.425000,31.425000,0.000000,0.000000,-0.242671,-0.067683,-30.022644,-0.393024,-0.093299,0.035138,-5.464321,0.260453,0.019000,0.000000,1.00,1.00,1.00,1.00,1.00,1.00,1.00,1.00,1.00,1.00
0.100000,20.000000,0.000000,5000.000000,2.550665,-0.000300,0.000000,2.613221,0.000000,1.037708,-4.999604,0.043445,200.644804,0.039469,3.408034,0.039400,73891.582984,0.039469,3.408034,0.039400,73891.582984,200.644685,-0.001049,0.219064,0.062556,-0.000300,0.709551,0.000603,-1.085639,0.663958,0.000603,-0.086679,-9188.814264,55.026292,-98997.558376,-810.856877,-57020.447278,-265.853721,122.425000,31.425180,0.000000,0.000000,-0.235708,-0.067858,-30.010133,-0.369253,-0.090857,0.035090,-5.464696,0.260203,0.019000,0.000000,1.00,1.00,1.00,1.00,1.00,1.00,1.00,1.00,1.00,1.00
0.200000,40.064468,-0.000105,5000.021906,2.018170,0.000148,0.103931,2.113260,0.003894,0.674475,-9.316828,0.026640,201.291718,-0.141816,2.195115,0.023828,73887.996423,-0.141816,2.195115,0.023828,73887.996423,201.295437,0.001344,0.334086,0.095095,0.000382,0.705603,-0.000297,-0.828904,0.668728,0.001515,0.170414,-9545.287469,-27.123799,-75586.357293,771.754826,-34929.225020,59.363722,122.425000,31.425361,0.000000,0.000000,-0.185592,-0.069349,-29.903634,-0.166905,-0.078829,0.034674,-5.467891,0.258073,0.019000,0.000000,1.00,1.00,1.00,1.00,1.00,1.00,1.00,1.00,1.00,1.00
0.300000,60.194012,0.000029,5000.055315,1.127472,0.000284,0.171391,1.181590,0.004320,1.018920,-11.961456,0.044034,201.953220,-0.027942,0.758653,0.039347,73884.274611,-0.027942,0.758653,0.039347,73884.274611,201.968956,0.004340,0.190782,0.054126,0.001231,0.697226,0.000173,-0.501621,0.676605,0.003163,0.498162,-10305.458989,15.755274,-45741.941164,-292.604508,-11709.536316,-167.579402,122.425000,31.425542,0.000000,0.000000,-0.109453,-0.071843,-29.725494,0.171561,-0.065387,0.033979,-5.473235,0.254510,0.019000,0.000000,1.00,1.00,1.00,1.00,1.00,1.00,1.00,1.00,1.00,1.00
0.400000,80.390908,0.000463,5000.074393,0.066263,-0.001234,0.273283,-0.014538,0.004082,0.887454,-12.847993,0.046393,202.626457,-0.092526,-0.606963,0.042988,73880.560503,-0.092526,-0.606963,0.042988,73880.560503,202.658022,0.008954,-0.285775,-0.080807,0.002531,0.675915,0.000006,-0.167329,0.676169,0.004776,0.832660,-12245.002425,0.542577,-15258.397943,291.765676,8156.910266,-96.131123,122.425000,31.425724,0.000000,0.000000,-0.024139,-0.074813,-29.513253,0.574820,-0.053431,0.033152,-5.479602,0.250265,0.019000,0.000000,1.00,1.00,1.00,1.00,1.00,1.00,1.00,1.00,1.00,1.00
0.500000,100.656710,0.001359,5000.045816,-0.987734,-0.004442,0.362059,-1.299330,0.001598,1.017092,-12.230353,0.056597,203.290723,-0.047769,-1.735689,0.055379,73877.130007,-0.047769,-1.735689,0.055379,73877.130007,203.332519,0.012055,-1.105779,-0.311656,0.003397,0.666721,0.000547,0.147005,0.689396,0.006865,1.146728,-13080.042292,49.892168,13405.143721,-75.472998,20845.437113,-258.322497,122.425000,31.425907,0.000000,0.000000,0.051392,-0.067882,-29.500000,1.212395,-0.045556,0.033615,-5.073054,0.769548,0.019000,0.000000,1.00,1.00,1.00,1.00,1.00,1.00,1.00,1.00,1.00,1.00
0.600000,120.989962,0.002564,4999.935238,-1.890407,-0.009941,0.463878,-2.522381,-0.001560,0.981991,-10.651989,0.054706,203.947529,-0.062706,-2.663598,0.059177,73874.144604,-0.062706,-2.663598,0.059177,73874.144604,203.985483,0.013534,-2.249991,-0.632112,0.003802,0.660693,0.000975,0.398192,0.704702,0.009063,1.397190,-13626.723702,88.920671,36310.403956,109.971888,29480.137936,-313.338858,122.425000,31.426090,0.000000,0.000000,0.114644,-0.061374,-29.500000,1.772052,-0.040037,0.034089,-4.701152,1.244354,0.019000,0.000000,1.00,1.00,1.00,1.00,1.00,1.00,1.00,1.00,1.00,1.00
0.700000,141.388510,0.003918,4999.710239,-2.564263,-0.016119,0.562299,-3.587608,-0.005634,1.029117,-8.419859,0.047871,204.593252,-0.041987,-3.287358,0.059202,73871.783836,-0.041987,-3.287358,0.059202,73871.783836,204.608757,0.012164,-3.654726,-1.023550,0.003406,0.656641,0.001520,0.566386,0.719215,0.011314,1.564378,-13993.863116,138.592224,51647.761749,-47.609534,34108.403156,-408.423351,122.425000,31.426274,0.000000,0.000000,0.160882,-0.056513,-29.500000,2.189843,-0.037007,0.034447,-4.423524,1.598803,0.019000,0.000000,1.00,1.00,1.00,1.00,1.00,1.00,1.00,1.00,1.00,1.00
0.800000,161.849386,0.005134,4999.344766,-2.967970,-0.022346,0.665513,-4.429621,-0.009879,1.005187,-5.837313,0.031258,205.229436,-0.048752,-3.581290,0.050478,73870.168002,-0.048752,-3.581290,0.050478,73870.168002,205.202871,0.008016,-5.235775,-1.461878,0.002238,0.654458,0.001867,0.644837,0.731693,0.013448,1.641782,-14191.252893,170.261943,58801.545273,30.670744,35167.240511,-412.595254,122.425000,31.426458,0.000000,0.000000,0.187806,-0.053597,-29.500000,2.440141,-0.036082,0.034664,-4.257196,1.811152,0.019000,0.000000,1.00,1.00,1.00,1.00,1.00,1.00,1.00,1.00,1.00,1.00
0.900000,182.369673,0.005936,4998.821189,-3.092193,-0.026920,0.766379,-5.013363,-0.014062,1.015960,-3.174626,0.011315,205.862871,-0.042282,-3.556549,0.037103,73869.347589,-0.042282,-3.556549,0.037103,73869.347589,205.776854,0.001323,-6.902137,-1.921364,0.000368,0.654027,0.002073,0.635432,0.741415,0.015398,1.631518,-14229.733849,189.072205,57943.979728,-34.162641,32980.238350,-391.118262,122.425000,31.426643,0.000000,0.000000,0.195187,-0.052696,-29.500000,2.517160,-0.036854,0.034734,-4.206017,1.876494,0.019000,0.000000,1.00,1.00,1.00,1.00,1.00,1.00,1.00,1.00,1.00,1.00
1.000000,202.947358,0.006068,4998.130975,-2.953841,-0.029242,0.868286,-5.330818,-0.017473,0.997912,-0.677561,-0.011026,206.502802,-0.048600,-3.250266,0.019318,73869.314923,-0.048600,-3.250266,0.019318,73869.314923,206.344745,-0.007043,-8.564972,-2.377099,-0.001956,0.655240,0.002009,0.546954,0.748146,0.017097,1.542514,-14119.152257,183.212340,49875.747298,4.581520,27773.767532,-296.697040,122.425000,31.426828,0.000000,0.000000,0.184384,-0.053688,-29.500000,2.431381,-0.039020,0.034663,-4.263018,1.803720,0.019000,0.000000,1.00,1.00,1.00,1.00,1.00,1.00,1.00,1.00,1.00,1.00
1.100000,223.581833,0.005364,4997.274478,-2.591734,-0.028536,0.968284,-5.398549,-0.019671,0.997853,1.425263,-0.030032,207.157775,-0.049172,-2.723762,0.001508,73870.022205,-0.049172,-2.723762,0.001508,73870.022205,206.921298,-0.015897,-10.144404,-2.806866,-0.004402,0.657902,0.001731,0.394283,0.751985,0.018555,1.389705,-13877.075757,157.852065,35953.968451,-23.829682,19905.729519,-175.315918,122.425000,31.427014,0.000000,0.000000,0.158118,-0.056297,-29.500000,2.206875,-0.042319,0.034471,-4.412206,1.613252,0.019000,0.000000,1.00,1.00,1.00,1.00,1.00,1.00,1.00,1.00,1.00,1.00
1.200000,244.273963,0.003774,4996.260037,-2.063239,-0.024920,1.068115,-5.255990,-0.020143,0.986141,2.932332,-0.043776,207.833065,-0.055778,-2.059364,-0.014478,73871.399788,-0.055778,-2.059364,-0.014478,73871.399788,207.518206,-0.023851,-11.575345,-3.192763,-0.006585,0.661640,0.001229,0.197789,0.753245,0.019791,1.193411,-13537.629395,112.037939,18036.042103,-5.481873,10098.392668,-21.758988,122.425000,31.427200,0.000000,0.000000,0.120352,-0.060107,-29.500000,1.879208,-0.046436,0.034190,-4.629945,1.335264,0.019000,0.000000,1.00,1.00,1.00,1.00,1.00,1.00,1.00,1.00,1.00,1.00
1.300000,265.025783,0.001389,4995.102503,-1.440078,-0.018660,1.166610,-4.962726,-0.018796,0.983859,3.696823,-0.048970,208.529364,-0.059811,-1.352884,-0.025413,73873.370515,-0.059811,-1.352884,-0.025413,73873.370515,208.141542,-0.029482,-12.812770,-3.522671,-0.008115,0.665850,0.000589,-0.017872,0.752358,0.020872,0.978173,-13155.651088,53.705369,-1629.684336,-19.631309,-451.498286,126.756488,122.425000,31.427387,0.000000,0.000000,0.076104,-0.064603,-29.500000,1.492848,-0.050918,0.033859,-4.886688,1.007481,0.019000,0.000000,1.00,1.00,1.00,1.00,1.00,1.00,1.00,1.00,1.00,1.00
1.400000,285.839938,-0.001559,4993.821226,-0.801685,-0.010547,1.264750,-4.593022,-0.015839,0.976406,3.662528,-0.045252,209.243073,-0.066956,-0.701266,-0.030179,73875.858091,-0.066956,-0.701266,-0.030179,73875.858091,208.791181,-0.031605,-13.836051,-3.791410,-0.008673,0.669760,-0.000134,-0.226108,0.749838,0.021867,0.770437,-12801.562553,-12.252901,-20618.430448,-7.849679,-10185.214082,262.151806,122.425000,31.427575,0.000000,0.000000,0.031031,-0.069212,-29.500000,1.097044,-0.055171,0.033521,-5.149706,0.671686,0.019000,0.000000,1.00,1.00,1.00,1.00,1.00,1.00,1.00,1.00,1.00,1.00
1.500000,306.719056,-0.004720,4992.437621,-0.225652,-0.001478,1.362092,-4.226761,-0.011956,0.975120,2.891257,-0.032292,209.968015,-0.072371,-0.187420,-0.027585,73878.789923,-0.072371,-0.187420,-0.027585,73878.789923,209.462175,-0.029466,-14.651201,-4.001251,-0.008060,0.672590,-0.000840,-0.401978,0.746294,0.022866,0.595020,-12546.464666,-76.639887,-36655.684467,-10.458350,-17533.928374,359.058083,122.425000,31.427763,0.000000,0.000000,-0.009270,-0.073373,-29.500000,0.739904,-0.058550,0.033218,-5.387031,0.368693,0.019000,0.000000,1.00,1.00,1.00,1.00,1.00,1.00,1.00,1.00,1.00,1.00
1.600000,327.665273,-0.007666,4990.972501,0.223552,0.007494,1.459327,-3.937642,-0.008056,0.973210,1.563605,-0.011884,210.697826,-0.078350,0.133602,-0.018189,73882.097415,-0.078350,0.133602,-0.018189,73882.097415,210.147419,-0.022937,-15.289610,-4.161414,-0.006254,0.676901,-0.001428,-0.522575,0.745571,0.023979,0.474741,-12156.700195,-130.218171,-47652.676401,13.395167,-21109.838056,412.996600,122.425000,31.427952,0.000000,0.000000,-0.041511,-0.074366,-29.544710,0.515050,-0.060711,0.033275,-5.478659,0.250894,0.019000,0.000000,1.00,1.00,1.00,1.00,1.00,1.00,1.00,1.00,1.00,1.00
1.700000,348.680015,-0.009960,4989.443540,0.505775,0.015433,1.556451,-3.781304,-0.005123,0.982144,-0.034761,0.013965,211.431048,-0.079108,0.233072,-0.002864,73885.701105,-0.079108,0.233072,-0.002864,73885.701105,210.842992,-0.012618,-15.806409,-4.287385,-0.003429,0.681248,-0.001827,-0.580881,0.747196,0.025276,0.416574,-11763.862943,-166.617629,-52969.513302,5.709821,-20829.193863,408.625130,122.425000,31.428141,0.000000,0.000000,-0.061771,-0.073564,-29.601155,0.407806,-0.061171,0.033496,-5.476965,0.252023,0.019000,0.000000,1.00,1.00,1.00,1.00,1.00,1.00,1.00,1.00,1.00,1.00
1.800000,369.764314,-0.011222,4987.862899,0.611262,0.021569,1.654580,-3.784818,-0.003822,0.987522,-1.611837,0.041459,212.167634,-0.079955,0.138440,0.015744,73889.541163,-0.079955,0.138440,0.015744,73889.541163,211.545649,0.000371,-16.264357,-4.396496,0.000101,0.683065,-0.002063,-0.582515,0.749074,0.026748,0.414887,-11602.036156,-188.146149,-53118.576612,13.958743,-17635.938539,365.487853,122.425000,31.428331,0.000000,0.000000,-0.068130,-0.073259,-29.622252,0.367721,-0.059997,0.033579,-5.476332,0.252445,0.019000,0.000000,1.00,1.00,1.00,1.00,1.00,1.00,1.00,1.00,1.00,1.00
1.900000,390.918879,-0.011185,4986.236463,0.557832,0.025488,1.753376,-3.946054,-0.004472,0.996293,-2.947092,0.068114,212.906787,-0.078010,-0.094167,0.035815,73893.592796,-0.078010,-0.094167,0.035815,73893.592796,212.251154,0.014676,-16.720945,-4.504446,0.003962,0.680819,-0.002117,-0.537897,0.749636,0.028408,0.459265,-11810.924552,-193.034962,-49049.895410,10.790495,-12584.583739,285.468165,122.425000,31.428521,0.000000,0.000000,-0.062362,-0.073404,-29.611566,0.388024,-0.057722,0.033538,-5.476653,0.252231,0.019000,0.000000,1.00,1.00,1.00,1.00,1.00,1.00,1.00,1.00,1.00,1.00
2.000000,412.143994,-0.009717,4984.564368,0.382394,0.027058,1.853182,-4.240831,-0.006944,1.003212,-3.899842,0.091107,213.646545,-0.075319,-0.408503,0.054938,73897.865857,-0.075319,-0.408503,0.054938,73897.865857,212.953953,0.028921,-17.223276,-4.623960,0.007781,0.672733,-0.002011,-0.461835,0.746682,0.030239,0.534906,-12552.470714,-183.393462,-42113.902938,13.847875,-6676.659419,184.055098,122.425000,31.428713,0.000000,0.000000,-0.047586,-0.073896,-29.576479,0.454690,-0.054848,0.033402,-5.477706,0.251530,0.019000,0.000000,1.00,1.00,1.00,1.00,1.00,1.00,1.00,1.00,1.00,1.00
2.100000,433.439390,-0.006825,4982.842041,0.131777,0.026479,1.953802,-4.630902,-0.010804,1.010950,-4.405238,0.108576,214.382541,-0.070871,-0.747007,0.071239,73902.406391,-0.070871,-0.747007,0.071239,73902.406391,213.646349,0.041924,-17.803350,-4.763601,0.011243,0.662694,-0.001774,-0.370172,0.743431,0.032208,0.625984,-13472.458846,-161.776393,-33755.319386,7.673780,-849.776928,72.480374,122.425000,31.428905,0.000000,0.000000,-0.027421,-0.074602,-29.526355,0.549925,-0.051866,0.033207,-5.479209,0.250527,0.019000,0.000000,1.00,1.00,1.00,1.00,1.00,1.00,1.00,1.00,1.00,1.00
2.200000,454.804025,-0.002633,4981.061706,-0.145115,0.024208,2.055284,-5.071536,-0.015378,1.015302,-4.469426,0.119216,215.113273,-0.066672,-1.061165,0.083086,73907.260829,-0.066672,-1.061165,0.083086,73907.260829,214.324210,0.052848,-18.477248,-4.927518,0.014128,0.655897,-0.001434,-0.276238,0.744297,0.034290,0.719206,-14097.127267,-130.744450,-25189.695184,10.479123,4036.818643,-35.211164,122.425000,31.429097,0.000000,0.000000,-0.006597,-0.073931,-29.500000,0.689972,-0.049383,0.033180,-5.420212,0.326331,0.019000,0.000000,1.00,1.00,1.00,1.00,1.00,1.00,1.00,1.00,1.00,1.00
2.300000,476.236446,0.002652,4979.213981,-0.403680,0.020908,2.157233,-5.518615,-0.019911,1.020227,-4.163609,0.122763,215.841655,-0.061347,-1.323421,0.089579,73912.459765,-0.061347,-1.323421,0.089579,73912.459765,214.988782,0.061243,-19.247780,-5.116174,0.016322,0.652942,-0.001050,-0.193627,0.749111,0.036418,0.801032,-14371.778974,-95.730994,-17656.544228,0.576792,7579.907039,-127.408765,122.425000,31.429290,0.000000,0.000000,0.011726,-0.072073,-29.500000,0.850281,-0.047601,0.033315,-5.313684,0.462336,0.019000,0.000000,1.00,1.00,1.00,1.00,1.00,1.00,1.00,1.00,1.00,1.00
2.400000,497.735324,0.008776,4977.289203,-0.610104,0.017326,2.259635,-5.935140,-0.023707,1.020083,-3.589523,0.119684,216.570995,-0.057681,-1.508197,0.090389,73918.033047,-0.057681,-1.508197,0.090389,73918.033047,215.643148,0.067143,-20.104042,-5.326371,0.017840,0.650663,-0.000725,-0.134291,0.754066,0.038491,0.859576,-14585.179567,-66.147358,-12245.727652,-4.019856,9654.313027,-184.418627,122.425000,31.429484,0.000000,0.000000,0.026102,-0.070591,-29.500000,0.978264,-0.046465,0.033422,-5.228637,0.570915,0.019000,0.000000,1.00,1.00,1.00,1.00,1.00,1.00,1.00,1.00,1.00,1.00
2.500000,519.299639,0.015491,4975.278799,-0.743919,0.014204,2.361914,-6.294284,-0.026235,1.017413,-2.858379,0.111994,217.301727,-0.055345,-1.593739,0.086591,73924.020591,-0.055345,-1.593739,0.086591,73924.020591,216.289115,0.071062,-21.022809,-5.551751,0.018825,0.649190,-0.000508,-0.103743,0.758825,0.040455,0.889384,-14725.519126,-46.322949,-9460.155343,-9.560541,10101.284906,-203.592632,122.425000,31.429678,0.000000,0.000000,0.035112,-0.069631,-29.500000,1.061230,-0.046087,0.033492,-5.173505,0.641302,0.019000,0.000000,1.00,1.00,1.00,1.00,1.00,1.00,1.00,1.00,1.00,1.00
2.600000,540.928550,0.022597,4973.176518,-0.797198,0.012101,2.463751,-6.580341,-0.027085,1.012030,-2.093408,0.102010,218.034756,-0.054916,-1.581978,0.079708,73930.448312,-0.054916,-1.581978,0.079708,73930.448312,216.930078,0.073868,-21.975276,-5.784546,0.019510,0.648474,-0.000427,-0.102594,0.763070,0.042277,0.889900,-14797.210768,-38.973531,-9355.325422,-10.019819,9079.281003,-186.093731,122.425000,31.429873,0.000000,0.000000,0.038304,-0.069249,-29.500000,1.094263,-0.046394,0.033519,-5.151554,0.669326,0.019000,0.000000,1.00,1.00,1.00,1.00,1.00,1.00,1.00,1.00,1.00,1.00
2.700000,562.621558,0.029984,4970.978990,-0.774432,0.011351,2.564836,-6.789929,-0.026070,1.006458,-1.405834,0.092180,218.771121,-0.055616,-1.488656,0.071611,73937.327189,-0.055616,-1.488656,0.071611,73937.327189,217.570173,0.076624,-22.931968,-6.016896,0.020178,0.648378,-0.000485,-0.127302,0.766608,0.043951,0.864690,-14812.818391,-44.190691,-11608.441175,-11.280149,6903.089996,-140.673335,122.425000,31.430068,0.000000,0.000000,0.036097,-0.069414,-29.500000,1.080148,-0.047241,0.033507,-5.160934,0.657351,0.019000,0.000000,1.00,1.00,1.00,1.00,1.00,1.00,1.00,1.00,1.00,1.00
2.800000,584.378575,0.037646,4968.685794,-0.690230,0.012027,2.665146,-6.930786,-0.023256,1.000560,-0.883046,0.084483,219.511640,-0.057549,-1.339069,0.064008,73944.654829,-0.057549,-1.339069,0.064008,73944.654829,218.213354,0.080419,-23.866879,-6.241948,0.021115,0.648698,-0.000664,-0.171139,0.769369,0.045495,0.820480,-14790.982975,-60.559129,-15605.887110,-8.751359,4001.488192,-77.164466,122.425000,31.430264,0.000000,0.000000,0.029602,-0.070019,-29.500000,1.027943,-0.048438,0.033463,-5.195625,0.613061,0.019000,0.000000,1.00,1.00,1.00,1.00,1.00,1.00,1.00,1.00,1.00,1.00
2.900000,606.199911,0.045688,4966.299106,-0.566106,0.013983,2.764682,-7.019392,-0.018968,0.996182,-0.579965,0.080381,220.256651,-0.059829,-1.163615,0.058360,73952.418601,-0.059829,-1.163615,0.058360,73952.418601,218.862600,0.086202,-24.760658,-6.454681,0.022567,0.649186,-0.000931,-0.225392,0.771391,0.046942,0.765957,-14754.288662,-84.873642,-20553.147990,-7.651958,873.393464,-8.628899,122.425000,31.430461,0.000000,0.000000,0.020399,-0.070911,-29.500000,0.950986,-0.049769,0.033398,-5.246764,0.547772,0.019000,0.000000,1.00,1.00,1.00,1.00,1.00,1.00,1.00,1.00,1.00,1.00
3.000000,628.086171,0.054308,4963.823040,-0.426725,0.016892,2.863660,-7.077714,-0.013748,0.992746,-0.513732,0.080491,221.005937,-0.062459,-0.992922,0.055550,73960.599304,-0.062459,-0.992922,0.055550,73960.599304,219.519454,0.094639,-25.602602,-6.652410,0.024701,0.649584,-0.001245,-0.280751,0.772799,0.048334,0.710390,-14726.186440,-113.513177,-25601.210510,-3.774341,-1977.444693,54.641251,122.425001,31.430658,0.000000,0.000000,0.010272,-0.071911,-29.500000,0.864569,-0.051019,0.033326,-5.304189,0.474457,0.019000,0.000000,1.00,1.00,1.00,1.00,1.00,1.00,1.00,1.00,1.00,1.00
3.100000,650.038116,0.063772,4961.262780,-0.295997,0.020339,2.962258,-7.129430,-0.008278,0.991474,-0.663349,0.084785,221.758856,-0.064634,-0.853164,0.055968,73969.174757,-0.064634,-0.853164,0.055968,73969.174757,220.183961,0.106010,-26.391298,-6.834912,0.027586,0.649667,-0.001561,-0.328736,0.773778,0.049717,0.662206,-14727.209749,-142.379184,-29976.870802,-1.901729,-4123.887175,102.841084,122.425001,31.430856,0.000000,0.000000,0.000934,-0.072849,-29.500000,0.783518,-0.052003,0.033258,-5.358049,0.405695,0.019000,0.000000,1.00,1.00,1.00,1.00,1.00,1.00,1.00,1.00,1.00,1.00
3.200000,672.056512,0.074373,4958.623650,-0.193512,0.023881,3.060779,-7.196118,-0.003257,0.991384,-0.975476,0.092516,222.514584,-0.066445,-0.762339,0.059383,73978.123076,-0.066445,-0.762339,0.059383,73978.123076,220.854905,0.120186,-27.133839,-7.004185,0.031179,0.649280,-0.001844,-0.362960,0.774546,0.051130,0.627747,-14771.394847,-168.192700,-33097.737445,1.965852,-5291.824403,131.439278,122.425001,31.431054,0.000000,0.000000,-0.006233,-0.073583,-29.500000,0.719977,-0.052594,0.033205,-5.400273,0.351787,0.019000,0.000000,1.00,1.00,1.00,1.00,1.00,1.00,1.00,1.00,1.00,1.00
3.300000,694.142003,0.086392,4955.910266,-0.131871,0.027128,3.159416,-7.294024,0.000721,0.993247,-1.376019,0.102589,223.272351,-0.067274,-0.728203,0.065201,73987.425577,-0.067274,-0.728203,0.065201,73987.425577,221.530229,0.136663,-27.843781,-7.163876,0.035346,0.648367,-0.002065,-0.379990,0.775328,0.052604,0.610410,-14864.007731,-188.263873,-34650.593937,3.028743,-5405.685891,137.878074,122.425001,31.431253,0.000000,0.000000,-0.010368,-0.074024,-29.500000,0.681760,-0.052744,0.033174,-5.425669,0.319364,0.019000,0.000000,1.00,1.00,1.00,1.00,1.00,1.00,1.00,1.00,1.00,1.00
3.400000,716.295025,0.100058,4953.125888,-0.115404,0.029791,3.258413,-7.431985,0.003282,0.995677,-1.785166,0.113615,224.031592,-0.067461,-0.748182,0.072462,73997.069172,-0.067461,-0.748182,0.072462,73997.069172,222.207471,0.154676,-28.538208,-7.318493,0.039883,0.646966,-0.002209,-0.379625,0.776316,0.054152,0.610371,-15001.316525,-201.476341,-34617.335436,5.438707,-4586.720453,125.089852,122.425001,31.431453,0.000000,0.000000,-0.011218,-0.074140,-29.500000,0.671550,-0.052486,0.033165,-5.432454,0.310702,0.019000,0.000000,1.00,1.00,1.00,1.00,1.00,1.00,1.00,1.00,1.00,1.00
3.500000,738.515773,0.115526,4950.272067,-0.140443,0.031715,3.357843,-7.610859,0.004332,0.999156,-2.132287,0.124330,224.791978,-0.066655,-0.811128,0.080182,73985.947048,-0.066655,-0.811128,0.080182,73985.947048,222.884158,0.173341,-29.234492,-7.472558,0.044560,0.644969,-0.002277,-0.364576,0.777413,0.055779,0.624913,-15172.374776,-207.627045,-33245.032294,4.383414,-3106.165104,96.946385,122.425001,31.431653,0.000000,0.000000,-0.009108,-0.073958,-29.500000,0.687075,-0.051924,0.033179,-5.422137,0.323873,0.019000,0.000000,1.00,1.00,1.00,1.00,1.00,1.00,1.00,1.00,1.00,1.00
3.600000,760.804188,0.132860,4947.348618,-0.196996,0.032876,3.457795,-7.824450,0.004066,1.002037,-2.367291,0.133604,225.553146,-0.065500,-0.900364,0.087367,73939.428544,-0.065500,-0.900364,0.087367,73939.428544,223.557902,0.191826,-29.947329,-7.629853,0.049163,0.642378,-0.002281,-0.339634,0.778517,0.057470,0.649252,-15362.066581,-208.024735,-30970.651059,4.826507,-1311.775062,61.075550,122.425001,31.431854,0.000000,0.000000,-0.004812,-0.073549,-29.500000,0.722138,-0.051199,0.033209,-5.398838,0.353620,0.019000,0.000000,1.00,1.00,1.00,1.00,1.00,1.00,1.00,1.00,1.00,1.00
3.700000,783.159979,0.152042,4944.353885,-0.271323,0.033382,3.558159,-8.061553,0.002905,1.004923,-2.466417,0.140787,226.314710,-0.063803,-0.997248,0.093326,73893.225305,-0.063803,-0.997248,0.093326,73893.225305,224.226739,0.209487,-30.686637,-7.792898,0.053529,0.639762,-0.002241,-0.310579,0.779998,0.059207,0.677631,-15554.480783,-204.373557,-28321.124877,1.810894,448.324002,23.420254,122.425002,31.432055,0.000000,0.000000,0.000651,-0.073014,-29.500000,0.768220,-0.050460,0.033248,-5.368215,0.392716,0.019000,0.000000,1.00,1.00,1.00,1.00,1.00,1.00,1.00,1.00,1.00,1.00
3.800000,805.582652,0.172991,4941.285221,-0.348810,0.033420,3.658863,-8.308592,0.001418,1.006240,-2.432265,0.145560,227.076767,-0.062366,-1.084557,0.097584,73847.342327,-0.062366,-1.084557,0.097584,73847.342327,224.889857,0.225968,-31.456627,-7.962712,0.057570,0.637270,-0.002184,-0.283060,0.781774,0.060962,0.704427,-15735.821753,-199.199570,-25811.790781,1.431094,1885.880646,-8.539688,122.425002,31.432257,0.000000,0.000000,0.006220,-0.072456,-29.500000,0.816262,-0.049834,0.033289,-5.336290,0.433474,0.019000,0.000000,1.00,1.00,1.00,1.00,1.00,1.00,1.00,1.00,1.00,1.00
3.900000,828.071638,0.195588,4938.139558,-0.416554,0.033229,3.759667,-8.552251,0.000195,1.007177,-2.289262,0.148148,227.839502,-0.060878,-1.149104,0.100104,73801.779611,-0.060878,-1.149104,0.100104,73801.779611,225.547312,0.241237,-32.255868,-8.138866,0.061282,0.635011,-0.002133,-0.261674,0.783722,0.062710,0.725078,-15896.243356,-194.491415,-23861.638648,-2.182686,2808.953588,-31.581972,122.425002,31.432459,0.000000,0.000000,0.010983,-0.071969,-29.500000,0.858264,-0.049411,0.033325,-5.308380,0.469108,0.019000,0.000000,1.00,1.00,1.00,1.00,1.00,1.00,1.00,1.00,1.00,1.00
4.000000,850.626369,0.219712,4934.913972,-0.465261,0.033042,3.860450,-8.781655,-0.000240,1.006330,-2.076364,0.148983,228.603179,-0.060124,-1.183353,0.101043,73756.530142,-0.060124,-1.183353,0.101043,73756.530142,226.199971,0.255567,-33.078337,-8.319770,0.064734,0.633039,-0.002109,-0.249343,0.785709,0.064428,0.736692,-16030.775129,-192.350202,-22737.120728,-1.678981,3135.945551,-41.933323,122.425002,31.432663,0.000000,0.000000,0.014299,-0.071619,-29.500000,0.888462,-0.049231,0.033351,-5.288312,0.494727,0.019000,0.000000,1.00,1.00,1.00,1.00,1.00,1.00,1.00,1.00,1.00,1.00
4.100000,873.246366,0.245268,4931.606138,-0.490258,0.033057,3.960973,-8.989825,0.000471,1.005606,-1.838707,0.148849,229.368104,-0.059467,-1.185897,0.100907,73711.580234,-0.059467,-1.185897,0.100907,73711.580234,226.849306,0.269457,-33.915086,-8.503112,0.068057,0.631355,-0.002123,-0.247055,0.787614,0.066105,0.738302,-16139.405489,-193.600961,-22528.495264,-4.864380,2891.846593,-41.361225,122.425003,31.432866,0.000000,0.000000,0.015869,-0.071439,-29.500000,0.903960,-0.049291,0.033364,-5.278014,0.507876,0.019000,0.000000,1.00,1.00,1.00,1.00,1.00,1.00,1.00,1.00,1.00,1.00
4.200000,895.931297,0.272214,4928.214629,-0.491616,0.033402,4.061216,-9.174286,0.002483,1.003430,-1.619533,0.148421,230.134566,-0.059682,-1.160918,0.100177,73666.912787,-0.059682,-1.160918,0.100177,73666.912787,227.497078,0.283531,-34.756156,-8.686353,0.071408,0.629910,-0.002182,-0.253949,0.789348,0.067734,0.730780,-16226.502937,-198.995398,-23157.176113,-2.476994,2191.429160,-29.985079,122.425003,31.433071,0.000000,0.000000,0.015735,-0.071429,-29.500000,0.904802,-0.049548,0.033365,-5.277454,0.508590,0.019000,0.000000,1.00,1.00,1.00,1.00,1.00,1.00,1.00,1.00,1.00,1.00
4.300000,918.681005,0.300567,4924.739014,-0.473495,0.034131,4.161039,-9.336887,0.005718,1.002362,-1.453391,0.148485,230.902778,-0.059741,-1.116796,0.099506,73622.512139,-0.059741,-1.116796,0.099506,73622.512139,228.144971,0.298413,-35.592417,-8.867189,0.074943,0.628621,-0.002278,-0.267677,0.790860,0.069320,0.716473,-16299.693793,-207.754823,-24409.029843,-5.362471,1212.543029,-13.560518,122.425003,31.433276,0.000000,0.000000,0.014227,-0.071558,-29.500000,0.893567,-0.049931,0.033355,-5.284920,0.499058,0.019000,0.000000,1.00,1.00,1.00,1.00,1.00,1.00,1.00,1.00,1.00,1.00
4.400000,941.495502,0.330409,4921.179772,-0.442900,0.035215,4.260590,-9.482924,0.009911,1.000098,-1.361364,0.149414,231.672818,-0.060605,-1.064186,0.099257,73578.368387,-0.060605,-1.064186,0.099257,73578.368387,228.794279,0.314622,-36.417036,-9.043928,0.078789,0.627384,-0.002407,-0.284972,0.792137,0.070871,0.698637,-16368.337180,-219.496242,-25986.115352,-0.854356,162.049180,6.615726,122.425003,31.433481,0.000000,0.000000,0.011871,-0.071777,-29.500000,0.874598,-0.050358,0.033339,-5.297525,0.482966,0.019000,0.000000,1.00,1.00,1.00,1.00,1.00,1.00,1.00,1.00,1.00,1.00
4.500000,964.374930,0.361871,4917.538068,-0.408116,0.036578,4.359815,-9.619799,0.014644,0.999971,-1.348874,0.151605,232.444627,-0.060805,-1.013894,0.099866,73534.479519,-0.060805,-1.013894,0.099866,73534.479519,229.445692,0.332476,-37.226399,-9.215701,0.083024,0.626097,-0.002548,-0.302315,0.793207,0.072403,0.680770,-16441.772518,-232.362102,-27567.602266,-4.544762,-761.711498,23.407744,122.425004,31.433687,0.000000,0.000000,0.009274,-0.072026,-29.500000,0.853032,-0.050750,0.033321,-5.311856,0.464669,0.019000,0.000000,1.00,1.00,1.00,1.00,1.00,1.00,1.00,1.00,1.00,1.00
4.600000,987.319499,0.395118,4913.815428,-0.377088,0.038092,4.459002,-9.755453,0.019458,0.998318,-1.406323,0.154880,233.218032,-0.061801,-0.974924,0.101300,73490.850908,-0.061801,-0.974924,0.101300,73490.850908,230.099237,0.352057,-38.020363,-9.382520,0.087664,0.624677,-0.002696,-0.316591,0.794120,0.073926,0.665966,-16527.642561,-245.822102,-28869.365541,2.206748,-1403.992974,37.863176,122.425004,31.433894,0.000000,0.000000,0.007007,-0.072248,-29.500000,0.833794,-0.051041,0.033305,-5.324640,0.448348,0.019000,0.000000,1.00,1.00,1.00,1.00,1.00,1.00,1.00,1.00,1.00,1.00
4.700000,1010.329423,0.430324,4910.013392,-0.356026,0.039637,4.558074,-9.896867,0.023909,0.999789,-1.512396,0.159243,233.992797,-0.061521,-0.953059,0.103682,73447.492986,-0.061521,-0.953059,0.103682,73447.492986,230.754339,0.373204,-38.801874,-9.545168,0.092666,0.623072,-0.002827,-0.325612,0.794948,0.075460,0.656391,-16630.601048,-257.786969,-29691.973965,-4.109728,-1679.137620,43.233713,122.425005,31.434101,0.000000,0.000000,0.005507,-0.072398,-29.500000,0.820736,-0.051192,0.033295,-5.333317,0.437270,0.019000,0.000000,1.00,1.00,1.00,1.00,1.00,1.00,1.00,1.00,1.00,1.00
4.800000,1033.404857,0.467645,4906.133205,-0.348479,0.041087,4.657398,-10.048897,0.027689,0.998508,-1.639294,0.164063,234.768676,-0.062362,-0.950158,0.106570,73404.418352,-0.062362,-0.950158,0.106570,73404.418352,231.410000,0.395571,-39.576054,-9.704958,0.097941,0.621272,-0.002946,-0.328428,0.795761,0.077005,0.652980,-16751.705713,-268.672304,-29948.786029,5.673808,-1580.867686,45.471163,122.425005,31.434309,0.000000,0.000000,0.005012,-0.072451,-29.500000,0.816057,-0.051197,0.033291,-5.336427,0.433300,0.019000,0.000000,1.00,1.00,1.00,1.00,1.00,1.00,1.00,1.00,1.00,1.00
4.900000,1056.545857,0.507202,4902.175599,-0.354989,0.042374,4.756731,-10.213620,0.030634,1.001636,-1.758743,0.169261,235.545462,-0.061213,-0.964284,0.109961,73361.639371,-0.061213,-0.964284,0.109961,73361.639371,232.065015,0.418697,-40.348987,-9.863424,0.103374,0.619302,-0.003033,-0.325372,0.796621,0.078578,0.655392,-16888.574040,-276.590238,-29670.088699,-5.870062,-1175.389495,37.460484,122.425005,31.434518,0.000000,0.000000,0.005537,-0.072403,-29.500000,0.820093,-0.051076,0.033295,-5.333745,0.436724,0.019000,0.000000,1.00,1.00,1.00,1.00,1.00,1.00,1.00,1.00,1.00,1.00
5.000000,1079.752358,0.549071,4898.140701,-0.373368,0.043439,4.856508,-10.390294,0.032798,0.999594,-1.847483,0.174003,236.323006,-0.062098,-0.990528,0.113164,73319.166570,-0.062098,-0.990528,0.113164,73319.166570,232.718221,0.442119,-41.126447,-10.022007,0.108851,0.617217,-0.003110,-0.317851,0.797569,0.080162,0.662220,-17036.246080,-283.626354,-28984.240169,9.489994,-580.223202,31.434119,122.425006,31.434727,0.000000,0.000000,0.006906,-0.072270,-29.500000,0.831488,-0.050872,0.033305,-5.326172,0.446391,0.019000,0.000000,1.00,1.00,1.00,1.00,1.00,1.00,1.00,1.00,1.00,1.00
5.100000,1103.024180,0.593283,4894.028056,-0.399455,0.044310,4.956183,-10.575854,0.034360,1.004386,-1.891152,0.178557,237.101232,-0.059915,-1.022308,0.116392,73277.007687,-0.059915,-1.022308,0.116392,73277.007687,233.368694,0.465440,-41.912840,-10.181789,0.114273,0.615085,-0.003154,-0.307954,0.798622,0.081772,0.671383,-17188.443249,-287.630220,-28081.810229,-11.360054,65.084464,16.084148,122.425006,31.434936,0.000000,0.000000,0.008800,-0.072081,-29.500000,0.847662,-0.050638,0.033319,-5.315425,0.460113,0.019000,0.000000,1.00,1.00,1.00,1.00,1.00,1.00,1.00,1.00,1.00,1.00
5.200000,1126.361050,0.639827,4889.836772,-0.428172,0.044994,5.056380,-10.765806,0.035667,0.999796,-1.885954,0.182006,237.880133,-0.061583,-1.052831,0.118811,73235.167038,-0.061583,-1.052831,0.118811,73235.167038,234.015909,0.488434,-42.710519,-10.343339,0.119587,0.612976,-0.003211,-0.297971,0.799771,0.083374,0.680604,-17338.963082,-292.765284,-27171.495721,15.561203,628.762923,11.783370,122.425007,31.435147,0.000000,0.000000,0.010846,-0.071874,-29.500000,0.865466,-0.050426,0.033334,-5.303593,0.475218,0.019000,0.000000,1.00,1.00,1.00,1.00,1.00,1.00,1.00,1.00,1.00,1.00
5.300000,1149.762641,0.688671,4885.565720,-0.454620,0.045599,5.156102,-10.955273,0.037034,1.007185,-1.838072,0.185335,238.659762,-0.058059,-1.076428,0.121202,73193.645214,-0.058059,-1.076428,0.121202,73193.645214,234.659790,0.511033,-43.519590,-10.506666,0.124776,0.610943,-0.003236,-0.289924,0.800985,0.084995,0.687880,-17482.836135,-295.115013,-26437.631550,-22.455046,1011.233723,-4.036427,122.425007,31.435357,0.000000,0.000000,0.012690,-0.071683,-29.500000,0.881865,-0.050277,0.033348,-5.292696,0.489130,0.019000,0.000000,1.00,1.00,1.00,1.00,1.00,1.00,1.00,1.00,1.00,1.00
5.400000,1173.228619,0.739774,4881.213761,-0.475010,0.046136,5.256474,-11.140003,0.038846,0.997517,-1.761224,0.187295,239.440218,-0.061774,-1.089507,0.122430,73152.439264,-0.061774,-1.089507,0.122430,73152.439264,235.300702,0.533385,-44.338175,-10.671295,0.129879,0.609018,-0.003309,-0.285202,0.802225,0.086579,0.691829,-17617.161678,-301.738973,-26007.109867,28.586205,1160.033584,2.988221,122.425008,31.435569,0.000000,0.000000,0.014067,-0.071536,-29.500000,0.894506,-0.050214,0.033359,-5.284296,0.499855,0.019000,0.000000,1.00,1.00,1.00,1.00,1.00,1.00,1.00,1.00,1.00,1.00
5.500000,1196.758690,0.793112,4876.779943,-0.487252,0.046754,5.355757,-11.317103,0.041254,1.010638,-1.673110,0.189959,240.221616,-0.055788,-1.091006,0.124210,73111.543646,-0.055788,-1.091006,0.124210,73111.543646,235.939318,0.555729,-45.163014,-10.836417,0.134954,0.607207,-0.003337,-0.284371,0.803446,0.088188,0.691904,-17741.382998,-304.272261,-25931.304874,-43.825226,1074.463255,-13.004888,122.425008,31.435781,0.000000,0.000000,0.014838,-0.071447,-29.500000,0.902096,-0.050241,0.033366,-5.279252,0.506295,0.019000,0.000000,1.00,1.00,1.00,1.00,1.00,1.00,1.00,1.00,1.00,1.00
5.600000,1220.352621,0.848685,4872.263642,-0.491159,0.047381,5.456186,-11.485460,0.044466,0.991359,-1.591466,0.190963,241.004068,-0.063703,-1.082296,0.124486,73070.951781,-0.063703,-1.082296,0.124486,73070.951781,236.576476,0.578441,-45.990301,-11.001104,0.140091,0.605492,-0.003458,-0.287145,0.804611,0.089723,0.688390,-17857.208342,-315.307511,-26184.286471,57.978566,799.886769,12.018564,122.425009,31.435993,0.000000,0.000000,0.015003,-0.071419,-29.500000,0.904518,-0.050342,0.033368,-5.277643,0.508350,0.019000,0.000000,1.00,1.00,1.00,1.00,1.00,1.00,1.00,1.00,1.00,1.00
5.700000,1244.010269,0.906529,4867.664612,-0.488236,0.048207,5.554556,-11.645704,0.048283,1.017619,-1.530615,0.194206,241.787647,-0.052243,-1.066637,0.126579,73030.657957,-0.052243,-1.066637,0.126579,73030.657957,237.212958,0.601807,-46.816481,-11.164495,0.145359,0.603835,-0.003478,-0.292545,0.805695,0.091323,0.682271,-17967.963381,-317.175022,-26676.679905,-88.102923,414.549354,-14.821469,122.425010,31.436206,0.000000,0.000000,0.014685,-0.071439,-29.500000,0.902706,-0.050490,0.033367,-5.278847,0.506812,0.019000,0.000000,1.00,1.00,1.00,1.00,1.00,1.00,1.00,1.00,1.00,1.00
5.800000,1267.731565,0.966710,4862.982964,-0.481187,0.048993,5.655410,-11.799931,0.052755,0.978570,-1.498927,0.194610,242.572378,-0.068810,-1.048290,0.126156,72990.658819,-0.068810,-1.048290,0.126156,72990.658819,237.849373,0.626167,-47.638971,-11.325979,0.150838,0.602191,-0.003673,-0.299163,0.806686,0.092790,0.674941,-18077.900765,-334.929529,-27280.110045,124.289811,10.514838,37.082250,122.425010,31.436420,0.000000,0.000000,0.014087,-0.071489,-29.500000,0.898336,-0.050651,0.033363,-5.281751,0.503104,0.019000,0.000000,1.00,1.00,1.00,1.00,1.00,1.00,1.00,1.00,1.00,1.00
5.900000,1291.516502,1.029327,4858.219067,-0.473205,0.050053,5.752328,-11.951016,0.057320,1.034549,-1.497840,0.199851,243.358227,-0.044766,-1.031565,0.129796,72950.954295,-0.044766,-1.031565,0.129796,72950.954295,238.485976,0.651559,-48.456524,-11.485272,0.156535,0.600515,-0.003632,-0.305499,0.807590,0.094424,0.667899,-18191.072252,-331.224137,-27857.964413,-187.369613,-325.681860,-25.788600,122.425011,31.436634,0.000000,0.000000,0.013445,-0.071545,-29.500000,0.893387,-0.050793,0.033359,-5.285040,0.498906,0.019000,0.000000,1.00,1.00,1.00,1.00,1.00,1.00,1.00,1.00,1.00,1.00
6.000000,1315.365100,1.094483,4853.373414,-0.467281,0.050861,5.854774,-12.102053,0.062163,0.951180,-1.522183,0.198820,244.145117,-0.080477,-1.019883,0.127785,72911.547380,-0.080477,-1.019883,0.127785,72911.547380,239.122746,0.678143,-49.269401,-11.642458,0.162488,0.598770,-0.003954,-0.310279,0.808423,0.095787,0.662396,-18310.764595,-360.527018,-28293.828253,276.915484,-531.356478,81.082843,122.425011,31.436849,0.000000,0.000000,0.012975,-0.071587,-29.500000,0.889714,-0.050891,0.033357,-5.287480,0.495790,0.019000,0.000000,1.00,1.00,1.00,1.00,1.00,1.00,1.00,1.00,1.00,1.00
6.100000,1339.277374,1.162297,4848.446474,-0.465572,0.052092,5.949001,-12.255509,0.066383,1.075512,-1.562124,0.208048,244.932939,-0.027153,-1.015227,0.134425,72872.443578,-0.027153,-1.015227,0.134425,72872.443578,239.759271,0.705550,-50.079037,-11.797901,0.168606,0.596940,-0.003734,-0.312704,0.809212,0.097547,0.659244,-18438.502420,-340.536048,-28514.894122,-422.170098,-577.428382,-68.276088,122.425012,31.437065,0.000000,0.000000,0.012827,-0.071598,-29.500000,0.888655,-0.050933,0.033356,-5.288184,0.494891,0.019000,0.000000,1.00,1.00,1.00,1.00,1.00,1.00,1.00,1.00,1.00,1.00
6.200000,1363.253302,1.232852,4843.438571,-0.469094,0.052631,6.055600,-12.413040,0.070842,0.887217,-1.605503,0.202707,245.721582,-0.107988,-1.017785,0.128882,72833.649408,-0.107988,-1.017785,0.128882,72833.649408,240.395078,0.733917,-50.887760,-11.952178,0.174921,0.595024,-0.004317,-0.312556,0.809982,0.098710,0.658618,-18574.448700,-393.686827,-28501.398886,646.716096,-473.375165,163.367467,122.425013,31.437281,0.000000,0.000000,0.013066,-0.071572,-29.500000,0.890838,-0.050919,0.033358,-5.286733,0.496743,0.019000,0.000000,1.00,1.00,1.00,1.00,1.00,1.00,1.00,1.00,1.00,1.00
6.300000,1387.292809,1.306244,4838.349795,-0.477557,0.054045,6.143636,-12.574836,0.074013,1.176986,-1.641066,0.219991,246.510948,0.016561,-1.026264,0.142489,72795.171672,0.016561,-1.026264,0.142489,72795.171672,241.029432,0.762437,-51.697943,-12.105865,0.181241,0.593042,-0.003636,-0.310213,0.810757,0.100818,0.660194,-18716.675901,-331.530154,-28287.805737,-1005.839033,-258.394684,-199.987682,122.425014,31.437497,0.000000,0.000000,0.013663,-0.071510,-29.500000,0.896086,-0.050862,0.033363,-5.283246,0.501195,0.019000,0.000000,1.00,1.00,1.00,1.00,1.00,1.00,1.00,1.00,1.00,1.00
6.400000,1411.395753,1.382487,4833.180000,-0.489706,0.053881,6.260405,-12.740358,0.078257,0.727648,-1.660237,0.202089,247.300969,-0.176516,-1.038103,0.126606,72757.015663,-0.176516,-1.038103,0.126606,72757.015663,241.661979,0.791738,-52.511873,-12.259514,0.187713,0.591019,-0.004899,-0.306465,0.811552,0.101463,0.663098,-18863.049778,-446.765654,-27946.033147,1581.448446,5.678591,358.937719,122.425015,31.437714,0.000000,0.000000,0.014520,-0.071423,-29.500000,0.903618,-0.050784,0.033369,-5.278241,0.507586,0.019000,0.000000,1.00,1.00,1.00,1.00,1.00,1.00,1.00,1.00,1.00,1.00
6.500000,1435.561950,1.461661,4827.928813,-0.503515,0.055939,6.332742,-12.907597,0.080184,1.435446,-1.659576,0.238700,248.091607,0.128211,-1.050529,0.156676,72719.185550,0.128211,-1.050529,0.156676,72719.185550,242.292077,0.820305,-53.330640,-12.413386,0.193980,0.588995,-0.003069,-0.302359,0.812374,0.104446,0.666425,-19009.793970,-279.891773,-27571.593617,-2519.297340,257.339105,-540.827778,122.425015,31.437932,0.000000,0.000000,0.015481,-0.071322,-29.500000,0.912179,-0.050706,0.033377,-5.272552,0.514849,0.019000,0.000000,1.00,1.00,1.00,1.00,1.00,1.00,1.00,1.00,1.00,1.00
6.600000,1459.791158,1.543692,4822.595749,-0.517016,0.054293,6.475085,-13.075182,0.085531,0.309161,-1.639578,0.188014,248.882871,-0.356505,-1.060629,0.113365,72681.682259,-0.356505,-1.060629,0.113365,72681.682259,242.920067,0.850234,-54.155016,-12.567661,0.200538,0.586985,-0.006175,-0.298843,0.813215,0.103673,0.669017,-19155.496835,-563.081456,-27251.015147,4057.943438,437.741660,891.857996,122.425016,31.438150,0.000000,0.000000,0.016408,-0.071226,-29.500000,0.920550,-0.050649,0.033384,-5.266990,0.521950,0.019000,0.000000,1.00,1.00,1.00,1.00,1.00,1.00,1.00,1.00,1.00,1.00
6.700000,1484.083165,1.628715,4817.180247,-0.528260,0.058454,6.505966,-13.240214,0.085683,2.124525,-1.606340,0.276653,249.674778,0.425931,-1.066886,0.187239,72644.506361,0.425931,-1.066886,0.187239,72644.506361,243.545400,0.878121,-54.983737,-12.722039,0.206583,0.585032,-0.001295,-0.296728,0.814067,0.109000,0.670422,-19296.414644,-118.049802,-27058.107076,-6620.595575,521.136818,-1445.495005,122.425017,31.438369,0.000000,0.000000,0.017154,-0.071141,-29.500000,0.927522,-0.050625,0.033391,-5.262357,0.527865,0.019000,0.000000,1.00,1.00,1.00,1.00,1.00,1.00,1.00,1.00,1.00,1.00
6.800000,1508.437705,1.716527,4811.681874,-0.536500,0.053184,6.716291,-13.402965,0.094919,-0.836133,-1.566033,0.138155,250.467390,-0.850396,-1.067307,0.070026,72607.654124,-0.850396,-1.067307,0.070026,72607.654124,244.169599,0.909692,-55.816582,-12.876465,0.213463,0.583115,-0.009505,-0.296294,0.814913,0.104263,0.669795,-19434.446193,-866.768431,-27018.507836,10923.394616,475.101137,2395.617795,122.425018,31.438588,0.000000,0.000000,0.017675,-0.071087,-29.500000,0.932630,-0.050647,0.033394,-5.258962,0.532199,0.019000,0.000000,1.00,1.00,1.00,1.00,1.00,1.00,1.00,1.00,1.00,1.00
6.900000,1532.854665,1.807496,4806.100215,-0.541009,0.063382,6.633752,-13.560112,0.090310,4.049833,-1.530276,0.372960,251.260728,1.258079,-1.063588,0.266627,72571.124985,1.258079,-1.063588,0.266627,72571.124985,244.791493,0.936010,-56.650071,-13.030123,0.219081,0.581279,0.003968,-0.297604,0.815744,0.116270,0.668012,-19565.330090,361.805942,-27137.997884,-18247.685602,345.382278,-3995.849828,122.425019,31.438808,0.000000,0.000000,0.017908,-0.071045,-29.500000,0.935426,-0.050703,0.033399,-5.257104,0.534571,0.019000,0.000000,1.00,1.00,1.00,1.00,1.00,1.00,1.00,1.00,1.00,1.00
7.000000,1557.333814,1.901097,4800.435208,-0.543332,0.048073,7.034167,-13.716490,0.109678,-4.111140,-1.502093,-0.013699,252.054877,-2.265539,-1.056153,-0.060402,72534.911580,-2.265539,-1.056153,-0.060402,72534.911580,245.415071,0.972390,-57.485706,-13.183366,0.227018,0.579404,-0.018973,-0.299831,0.816521,0.099996,0.664338,-19700.091111,-1730.085635,-27341.023817,30830.592936,149.291910,6784.312881,122.425020,31.439029,0.000000,0.000000,0.018009,-0.071043,-29.500000,0.936866,-0.050781,0.033396,-5.256147,0.535793,0.019000,0.000000,1.00,1.00,1.00,1.00,1.00,1.00,1.00,1.00,1.00,1.00
7.100000,1581.875321,1.998336,4794.686638,-0.543327,0.075489,6.627772,-13.865469,0.089881,9.678619,-1.491214,0.647349,252.849755,3.692718,-1.049566,0.494297,72499.020773,3.692718,-1.049566,0.494297,72499.020773,246.037452,0.993632,-58.317470,-13.334801,0.231390,0.577628,0.019883,-0.302767,0.817271,0.131938,0.661606,-19826.154282,1813.072742,-27608.815272,-52717.513134,-13.172001,-11563.775888,122.425021,31.439250,0.000000,0.000000,0.017914,-0.071017,-29.500000,0.936863,-0.050855,0.033404,-5.256149,0.535790,0.019000,0.000000,1.00,1.00,1.00,1.00,1.00,1.00,1.00,1.00,1.00,1.00
7.200000,1606.479066,2.097700,4788.854891,-0.544930,0.030671,7.584248,-14.021449,0.137060,-13.899298,-1.484572,-0.475511,253.645483,-6.501265,-1.040925,-0.458631,72463.439867,-6.501265,-1.040925,-0.458631,72463.439867,246.672166,1.043103,-59.154400,-13.486535,0.242285,0.575662,-0.047506,-0.304847,0.817947,0.080546,0.656870,-19969.861749,-4331.969691,-27798.482203,91167.486298,-204.949629,20140.477244,122.425022,31.439472,0.000000,0.000000,0.017999,-0.071048,-29.500000,0.937856,-0.050935,0.033392,-5.255489,0.536633,0.019000,0.000000,1.00,1.00,1.00,1.00,1.00,1.00,1.00,1.00,1.00,1.00
7.300000,1631.146283,2.202010,4782.939451,-0.545346,0.109194,6.210687,-14.163113,0.070011,26.877453,-1.494937,1.481464,254.441786,11.139570,-1.038318,1.181032,72428.192938,11.139570,-1.038318,1.181032,72428.192938,247.321121,1.046423,-59.983341,-13.635533,0.242419,0.573969,0.069605,-0.307077,0.818653,0.174501,0.656835,-20088.917038,6347.144336,-28001.806839,-159545.128432,-261.891957,-35004.951708,122.425023,31.439694,0.000000,0.000000,0.017895,-0.070970,-29.500000,0.938115,-0.050984,0.033415,-5.255317,0.536852,0.019000,0.000000,1.00,1.00,1.00,1.00,1.00,1.00,1.00,1.00,1.00,1.00
7.400000,1655.878395,2.306652,4776.941117,-0.553104,-0.026317,8.865745,-14.330710,0.201272,-44.479973,-1.470138,-1.921840,255.239087,-19.751780,-1.025705,-1.703340,72393.240713,-19.751780,-1.025705,-1.703340,72393.240713,248.057245,1.135477,-60.838231,-13.789637,0.262268,0.571930,-0.137535,-0.306810,0.819449,0.011789,0.650498,-20239.903703,-12541.570751,-27977.430256,282399.579987,-559.107944,62588.192751,122.425024,31.439917,0.000000,0.000000,0.018388,-0.070978,-29.500000,0.942924,-0.051118,0.033395,-5.252121,0.540933,0.019000,0.000000,1.00,1.00,1.00,1.00,1.00,1.00,1.00,1.00,1.00,1.00
7.500000,1680.684120,2.420200,4770.857294,-0.557033,0.211497,4.472712,-14.454333,-0.013290,81.830330,-1.429821,4.151648,256.036920,21.500000,-1.016584,3.313489,72358.633180,21.500000,-1.016584,3.313489,72358.633180,248.996854,1.080769,-61.691868,-13.942564,0.248690,0.570669,0.145979,-0.309426,0.820278,0.221495,0.655971,-20320.295234,13311.602196,-28216.057917,-331410.577980,-844.248073,-75127.327977,122.425025,31.440140,0.000000,0.000000,0.018292,-0.070790,-29.500000,0.945360,-0.051271,0.033451,-5.250502,0.542999,0.019000,0.000000,1.00,1.00,1.00,1.00,1.00,1.00,1.00,1.00,1.00,1.00
7.600000,1705.583805,2.528277,4764.688107,-0.584049,-0.235207,12.544100,-14.656729,0.388193,-66.411418,-1.129371,-3.036710,256.836567,-21.500000,-0.933149,-2.262625,72324.264313,-21.500000,-0.933149,-2.262625,72324.264313,250.728814,1.235308,-62.679578,-14.125380,0.282287,0.569877,-0.128136,-0.309753,0.822904,0.081987,0.634612,-20358.165982,-11684.497030,-28245.834859,325354.167271,-3097.116756,68179.892978,122.425027,31.440364,0.000000,0.000000,0.019291,-0.070442,-29.500000,0.962110,-0.052240,0.033475,-5.239372,0.557210,0.019000,0.000000,1.00,1.00,1.00,1.00,1.00,1.00,1.00,1.00,1.00,1.00
7.700000,1730.656686,2.651808,4758.420149,-0.582224,0.155110,5.985355,-14.719276,0.059702,79.083902,-1.160970,3.697500,257.638604,21.500000,-0.939252,3.063950,72181.567187,21.500000,-0.939252,3.063950,72181.567187,251.594681,1.235722,-63.459852,-14.259468,0.281409,0.566494,0.150929,-0.312990,0.820577,0.251781,0.648919,-20523.975178,13762.919129,-28541.054263,-334028.019062,-2925.859448,-75315.898535,122.425028,31.440590,0.000000,0.000000,0.019261,-0.070662,-29.500000,0.960979,-0.052116,0.033449,-5.240124,0.556250,0.019000,0.000000,1.00,1.00,1.00,1.00,1.00,1.00,1.00,1.00,1.00,1.00
7.800000,1755.816155,2.775380,4752.074164,-0.574835,-0.240378,13.801542,-14.897006,0.415493,-70.326850,-1.083983,-3.553994,258.439458,-21.500000,-0.908677,-2.717838,71950.183629,-21.500000,-0.908677,-2.717838,71950.183629,252.721001,1.394332,-64.331409,-14.413763,0.316114,0.562895,-0.137195,-0.321059,0.819977,0.093347,0.617428,-20620.754941,-12510.529609,-29276.855387,331428.097622,-3768.060815,72993.065051,122.425029,31.440817,0.000000,0.000000,0.018502,-0.070501,-29.500000,0.956398,-0.052457,0.033471,-5.243168,0.552363,0.019000,0.000000,1.00,1.00,1.00,1.00,1.00,1.00,1.00,1.00,1.00,1.00
7.900000,1781.088255,2.914813,4745.641023,-0.574799,0.207060,6.863255,-14.939900,0.033569,77.908742,-1.101808,3.543621,259.239543,21.500000,-0.885080,2.775138,71719.387081,21.500000,-0.885080,2.775138,71719.387081,253.414633,1.400847,-65.037551,-14.529486,0.316721,0.559084,0.141524,-0.325760,0.816889,0.256985,0.633513,-20737.508662,12905.370052,-29705.524452,-338791.459199,-4272.348757,-72793.021073,122.425031,31.441045,0.000000,0.000000,0.018259,-0.070666,-29.500000,0.956376,-0.052649,0.033460,-5.243183,0.552344,0.019000,0.000000,1.00,1.00,1.00,1.00,1.00,1.00,1.00,1.00,1.00,1.00
8.000000,1806.429718,3.054898,4739.137268,-0.572071,-0.170130,14.568564,-15.113967,0.372707,-73.608000,-1.148517,-3.579350,260.037792,-21.500000,-0.876713,-2.915034,71489.436279,-21.500000,-0.876713,-2.915034,71489.436279,254.293000,1.558989,-65.848728,-14.668583,0.351258,0.554827,-0.150903,-0.327719,0.815567,0.091935,0.606650,-20895.691856,-13760.564052,-29884.098876,337214.615163,-4434.092683,76664.649791,122.425032,31.441273,0.000000,0.000000,0.018125,-0.070626,-29.500000,0.954684,-0.052739,0.033448,-5.244307,0.550910,0.019000,0.000000,1.00,1.00,1.00,1.00,1.00,1.00,1.00,1.00,1.00,1.00
8.100000,1831.859018,3.210797,4732.552395,-0.573825,0.282207,7.303862,-15.158826,-0.013918,77.232396,-1.208592,3.794046,260.834114,21.500000,-0.878845,2.850226,71260.420386,21.500000,-0.878845,2.850226,71260.420386,254.964667,1.560922,-66.534565,-14.778553,0.350767,0.551086,0.136231,-0.329143,0.812581,0.258939,0.628230,-21007.858742,12422.710143,-30013.981997,-343121.812639,-4323.899650,-73108.661039,122.425034,31.441502,0.000000,0.000000,0.018042,-0.070602,-29.500000,0.955771,-0.052730,0.033481,-5.243584,0.551832,0.019000,0.000000,1.00,1.00,1.00,1.00,1.00,1.00,1.00,1.00,1.00,1.00
8.200000,1857.355485,3.366889,4725.898939,-0.593458,-0.119315,14.936082,-15.350547,0.347717,-76.216192,-1.227523,-3.370499,261.628825,-21.500000,-0.871715,-2.858997,71032.158514,-21.500000,-0.871715,-2.858997,71032.158514,255.716077,1.725774,-67.308698,-14.908011,0.386671,0.546496,-0.157529,-0.321044,0.811220,0.091017,0.610700,-21198.140586,-14364.822853,-29275.416230,343395.542808,-4463.091667,77787.323041,122.425035,31.441732,0.000000,0.000000,0.019461,-0.070548,-29.500000,0.967944,-0.052838,0.033445,-5.235495,0.562159,0.019000,0.000000,1.00,1.00,1.00,1.00,1.00,1.00,1.00,1.00,1.00,1.00
8.300000,1882.927092,3.539466,4719.168069,-0.596925,0.317145,7.406856,-15.405667,-0.019863,77.387476,-1.312871,4.109535,262.420871,21.500000,-0.911086,3.064291,70805.052835,21.500000,-0.911086,3.064291,70805.052835,256.401883,1.723463,-68.005626,-15.019464,0.385121,0.542492,0.138474,-0.318703,0.808144,0.262756,0.637322,-21336.122739,12627.194920,-29061.952842,-347382.338542,-3479.145479,-75556.675070,122.425037,31.441962,0.000000,0.000000,0.019709,-0.070404,-29.500000,0.970093,-0.052494,0.033505,-5.234067,0.563982,0.019000,0.000000,1.00,1.00,1.00,1.00,1.00,1.00,1.00,1.00,1.00,1.00
8.400000,1908.567281,3.711813,4712.367506,-0.630486,-0.118795,15.045894,-15.614426,0.371890,-77.976489,-1.226591,-3.238165,263.211251,-21.500000,-0.892063,-2.741069,70578.721709,-21.500000,-0.892063,-2.741069,70578.721709,257.088748,1.896053,-68.766983,-15.144932,0.422554,0.538013,-0.156890,-0.306771,0.807176,0.093123,0.623307,-21518.216223,-14306.504508,-27973.904488,349553.428311,-4028.448420,77662.824472,122.425039,31.442193,0.000000,0.000000,0.021935,-0.070282,-29.500000,0.990901,-0.052757,0.033465,-5.220240,0.581636,0.019000,0.000000,1.00,1.00,1.00,1.00,1.00,1.00,1.00,1.00,1.00,1.00
8.500000,1934.276155,3.901418,4705.490808,-0.632100,0.311640,7.338580,-15.671893,0.017325,78.371455,-1.294743,4.273568,263.998938,21.500000,-0.942905,3.222932,70353.545213,21.500000,-0.942905,3.222932,70353.545213,257.778037,1.894423,-69.480527,-15.259126,0.421062,0.533843,0.144395,-0.304849,0.803971,0.267379,0.650089,-21673.317907,13167.129869,-27798.629121,-352134.518323,-2795.860090,-78297.506746,122.425041,31.442425,0.000000,0.000000,0.022176,-0.070157,-29.500000,0.991902,-0.052293,0.033525,-5.219575,0.582485,0.019000,0.000000,1.00,1.00,1.00,1.00,1.00,1.00,1.00,1.00,1.00,1.00
8.600000,1960.053959,4.090860,4698.542755,-0.661577,-0.145855,15.069898,-15.881922,0.426770,-79.129568,-1.133066,-3.291109,264.784852,-21.500000,-0.908786,-2.722938,70129.184137,-21.500000,-0.908786,-2.722938,70129.184137,258.441734,2.070735,-70.244376,-15.384096,0.459066,0.529685,-0.154940,-0.297214,0.803341,0.095133,0.631536,-21828.091024,-14128.698084,-27102.394445,355238.524650,-3819.588551,78122.893551,122.425043,31.442657,0.000000,0.000000,0.023981,-0.070018,-29.500000,1.010178,-0.052704,0.033491,-5.207430,0.597990,0.019000,0.000000,1.00,1.00,1.00,1.00,1.00,1.00,1.00,1.00,1.00,1.00
8.700000,1985.898132,4.297934,4691.518318,-0.656725,0.295837,7.249603,-15.929384,0.068258,79.755681,-1.177676,4.298597,265.568439,21.500000,-0.944939,3.277064,69905.851929,21.500000,-0.944939,3.277064,69905.851929,259.120133,2.073423,-70.961954,-15.498181,0.458459,0.525601,0.149299,-0.299833,0.800054,0.270646,0.654080,-21977.168365,13614.335087,-27341.263969,-357466.855190,-2950.288607,-80209.126776,122.425045,31.442890,0.000000,0.000000,0.023743,-0.069995,-29.500000,1.007169,-0.052351,0.033534,-5.209429,0.595437,0.019000,0.000000,1.00,1.00,1.00,1.00,1.00,1.00,1.00,1.00,1.00,1.00
8.800000,2011.810146,4.505276,4684.422122,-0.672911,-0.168697,15.116331,-16.128265,0.483210,-80.135709,-1.021143,-3.440983,266.350271,-21.500000,-0.901204,-2.794694,69683.327193,-21.500000,-0.901204,-2.794694,69683.327193,259.782727,2.250308,-71.727807,-15.622545,0.496299,0.521676,-0.155428,-0.298986,0.799464,0.095088,0.628416,-22112.632621,-14173.205640,-27264.031162,360579.853357,-4223.619747,79530.409375,122.425047,31.443123,0.000000,0.000000,0.024596,-0.069902,-29.500000,1.017205,-0.052828,0.033505,-5.202761,0.603951,0.019000,0.000000,1.00,1.00,1.00,1.00,1.00,1.00,1.00,1.00,1.00,1.00
8.900000,2037.788418,4.730307,4677.249341,-0.661689,0.290678,7.200246,-16.161857,0.111212,81.140060,-1.075551,4.290226,267.130073,21.500000,-0.920164,3.279847,69461.728258,21.500000,-0.920164,3.279847,69461.728258,260.449546,2.257555,-72.434878,-15.733280,0.496623,0.517754,0.151725,-0.305677,0.796106,0.272109,0.647228,-22248.653618,13835.563743,-27874.148380,-363105.869273,-3738.401387,-81364.923969,122.425050,31.443357,0.000000,0.000000,0.023844,-0.069964,-29.500000,1.010247,-0.052614,0.033536,-5.207384,0.598049,0.019000,0.000000,1.00,1.00,1.00,1.00,1.00,1.00,1.00,1.00,1.00,1.00
9.000000,2063.833373,4.956062,4670.005854,-0.669850,-0.175306,15.203594,-16.350688,0.527777,-81.273164,-0.976696,-3.574545,267.908175,-21.500000,-0.877515,-2.895339,69240.908506,-21.500000,-0.877515,-2.895339,69240.908506,261.115912,2.436061,-73.194592,-15.855237,0.534521,0.513826,-0.158609,-0.307343,0.795341,0.093034,0.618629,-22386.037247,-14463.291934,-28026.076239,365865.077914,-4929.198208,81468.658667,122.425052,31.443592,0.000000,0.000000,0.024195,-0.069914,-29.500000,1.015307,-0.053058,0.033505,-5.204022,0.602341,0.019000,0.000000,1.00,1.00,1.00,1.00,1.00,1.00,1.00,1.00,1.00,1.00
9.100000,2089.944964,5.199668,4662.686394,-0.658252,0.297813,7.178517,-16.377124,0.142586,82.371800,-1.065379,4.326482,268.684219,21.500000,-0.895092,3.298208,69021.015982,21.500000,-0.895092,3.298208,69021.015982,261.778196,2.444774,-73.886039,-15.961544,0.535076,0.509930,0.152942,-0.313643,0.791888,0.272833,0.638263,-22521.404691,13946.546751,-28600.577786,-368738.595042,-4419.937628,-82420.687039,122.425055,31.443827,0.000000,0.000000,0.023404,-0.069982,-29.500000,1.008116,-0.052855,0.033536,-5.208800,0.596241,0.019000,0.000000,1.00,1.00,1.00,1.00,1.00,1.00,1.00,1.00,1.00,1.00
9.200000,2116.122784,5.444146,4655.297790,-0.669682,-0.172910,15.302614,-16.565934,0.563393,-82.559509,-1.010437,-3.647559,269.458502,-21.500000,-0.861762,-2.968210,68801.910055,-21.500000,-0.861762,-2.968210,68801.910055,262.443334,2.628120,-74.635743,-16.080293,0.573744,0.505837,-0.162384,-0.311998,0.790956,0.090578,0.612511,-22675.493290,-14807.547556,-28450.590228,371316.344060,-5332.572277,83284.491891,122.425057,31.444063,0.000000,0.000000,0.024051,-0.069919,-29.500000,1.015203,-0.053214,0.033504,-5.204091,0.602253,0.019000,0.000000,1.00,1.00,1.00,1.00,1.00,1.00,1.00,1.00,1.00,1.00
9.300000,2142.367117,5.706958,4647.834216,-0.663496,0.308371,7.152472,-16.594022,0.169599,83.527831,-1.118305,4.407903,270.230472,21.500000,-0.891585,3.350370,68583.807778,21.500000,-0.891585,3.350370,68583.807778,263.105823,2.634960,-75.317495,-16.183573,0.573788,0.501818,0.154520,-0.314396,0.787406,0.273845,0.636498,-22823.892980,14090.416737,-28669.266014,-374272.424240,-4485.278080,-83783.764194,122.425060,31.444299,0.000000,0.000000,0.023685,-0.069935,-29.500000,1.011368,-0.052911,0.033542,-5.206640,0.598999,0.019000,0.000000,1.00,1.00,1.00,1.00,1.00,1.00,1.00,1.00,1.00,1.00
9.400000,2168.677700,5.970454,4640.302467,-0.683434,-0.172716,15.388755,-16.789825,0.598041,-83.879424,-1.054394,-3.688707,271.000522,-21.500000,-0.866529,-3.005822,68366.536114,-21.500000,-0.866529,-3.005822,68366.536114,263.764329,2.824291,-76.061523,-16.300154,0.613479,0.497593,-0.165148,-0.307959,0.786454,0.088907,0.615087,-22991.929572,-15059.560503,-28082.292778,376946.720445,-5209.470022,84745.076862,122.425063,31.444536,0.000000,0.000000,0.024945,-0.069820,-29.500000,1.023729,-0.053212,0.033512,-5.198425,0.609487,0.019000,0.000000,1.00,1.00,1.00,1.00,1.00,1.00,1.00,1.00,1.00,1.00
9.500000,2195.054132,6.252883,4632.696314,-0.682134,0.315794,7.109447,-16.821279,0.198664,84.727699,-1.145823,4.497350,271.768052,21.500000,-0.906726,3.416027,68150.331104,21.500000,-0.906726,3.416027,68150.331104,264.425803,2.828543,-76.742468,-16.402435,0.612865,0.493467,0.156865,-0.307557,0.782855,0.275334,0.642295,-23151.900727,14304.211400,-28045.605734,-379797.332726,-4116.444825,-85397.119919,122.425066,31.444774,0.000000,0.000000,0.024964,-0.069794,-29.500000,1.022923,-0.052825,0.033556,-5.198961,0.608802,0.019000,0.000000,1.00,1.00,1.00,1.00,1.00,1.00,1.00,1.00,1.00,1.00
9.600000,2221.496713,6.535737,4625.022068,-0.706023,-0.178400,15.461764,-17.021638,0.636177,-85.153296,-1.038592,-3.741096,272.533559,-21.500000,-0.880935,-3.035876,67934.987806,-21.500000,-0.880935,-3.035876,67934.987806,265.076896,3.021821,-77.486837,-16.518227,0.653132,0.489271,-0.166998,-0.299945,0.782004,0.087918,0.621643,-23319.230428,-15228.298268,-27351.468476,382645.887568,-4927.562145,86067.755355,122.425069,31.445012,0.000000,0.000000,0.026466,-0.069649,-29.500000,1.037734,-0.053145,0.033527,-5.189118,0.621368,0.019000,0.000000,1.00,1.00,1.00,1.00,1.00,1.00,1.00,1.00,1.00,1.00
9.700000,2248.004402,6.837919,4617.273384,-0.703637,0.319945,7.057924,-17.050448,0.231255,86.003354,-1.099921,4.573224,273.296549,21.500000,-0.919536,3.476012,67720.706434,21.500000,-0.919536,3.476012,67720.706434,265.734081,3.025667,-78.169674,-16.620134,0.652346,0.485183,0.159531,-0.300903,0.778396,0.277003,0.647900,-23477.748809,14547.334832,-27438.809796,-385410.208689,-3908.223950,-87043.636286,122.425072,31.445251,0.000000,0.000000,0.026404,-0.069636,-29.500000,1.036255,-0.052771,0.033570,-5.190102,0.620113,0.019000,0.000000,1.00,1.00,1.00,1.00,1.00,1.00,1.00,1.00,1.00,1.00
9.800000,2274.577810,7.140486,4609.456417,-0.723751,-0.186552,15.533742,-17.247867,0.677989,-86.390992,-0.963037,-3.817794,274.057559,-21.500000,-0.885020,-3.079636,67507.269741,-21.500000,-0.885020,-3.079636,67507.269741,266.380789,3.220558,-78.914350,-16.735151,0.692675,0.481137,-0.168830,-0.296348,0.777643,0.086933,0.623798,-23633.244698,-15395.339311,-27023.460790,388344.829548,-4997.620193,87505.386914,122.425075,31.445490,0.000000,0.000000,0.027593,-0.069509,-29.500000,1.048726,-0.053167,0.033539,-5.181815,0.630693,0.019000,0.000000,1.00,1.00,1.00,1.00,1.00,1.00,1.00,1.00,1.00,1.00
9.900000,2301.215889,7.462542,4601.564982,-0.715607,0.323392,7.009312,-17.267689,0.266248,87.315907,-1.017305,4.639215,274.816203,21.500000,-0.914766,3.528509,67294.841008,21.500000,-0.914766,3.528509,67294.841008,267.033104,3.226679,-79.593859,-16.835554,0.692296,0.477172,0.162102,-0.301127,0.774009,0.278632,0.646664,-23782.322999,14781.767858,-27459.261839,-391128.665202,-4206.800577,-88623.081180,122.425078,31.445730,0.000000,0.000000,0.027101,-0.069547,-29.500000,1.043676,-0.052860,0.033578,-5.185170,0.626409,0.019000,0.000000,1.00,1.00,1.00,1.00,1.00,1.00,1.00,1.00,1.00,1.00
